Sample_ID,Scrap_Input_kg,Scrap_Quality_pct,Crushing__Electricity_kWh,Crushing__Carbon_kgCO2e,Crushing__NaturalGas_Nm3,Crushing__WasteWater_L,Crushing__LiquidFuel_L,Crushing__Fluorine_g,Crushing__SO2_g,Furnace_Melting__Electricity_kWh,Furnace_Melting__Carbon_kgCO2e,Furnace_Melting__NaturalGas_Nm3,Furnace_Melting__WasteWater_L,Furnace_Melting__LiquidFuel_L,Furnace_Melting__Fluorine_g,Furnace_Melting__SO2_g,Separation__Electricity_kWh,Separation__Carbon_kgCO2e,Separation__NaturalGas_Nm3,Separation__WasteWater_L,Separation__LiquidFuel_L,Separation__Fluorine_g,Separation__SO2_g,Final_Casting__Electricity_kWh,Final_Casting__Carbon_kgCO2e,Final_Casting__NaturalGas_Nm3,Final_Casting__WasteWater_L,Final_Casting__LiquidFuel_L,Final_Casting__Fluorine_g,Final_Casting__SO2_g,electricity_kwh,carbon_kgco2e,naturalGas_nm3,wastewater_l,Total__LiquidFuel_L,flourine_g,so2_g
R-001,1.071,0.983,0.0218808,0.00068916,0,0.52817,0.010935,0,0.023843,2.5855624,0.08525778,0.561345,0.197111,0.100903,0,0.545183,0.1332688,0.00353528,0.058516,1.102581,0.021786,0,0.060251,0.217534,0.00652882,0.02295,0.110008,0.057588,0,0.11045,2.958246,0.09601104,0.642811,1.93787,0.191212,0,0.739727
R-002,1.203,0.977,0.0235968,0.00069182,0,0.587481,0.013033,0,0.02448,2.797706,0.08914838,0.660551,0.270847,0.109832,0,0.583399,0.139056,0.00490836,0.066915,1.317342,0.023934,0,0.061953,0.2286012,0.0071821,0.023056,0.131478,0.066755,0,0.123556,3.18896,0.10193066,0.750522,2.307148,0.213554,0,0.793388
R-003,1.087,0.941,0.02513,0.00067074,0,0.564604,0.011631,0,0.025514,2.85561,0.07342332,0.615226,0.203798,0.137172,0,0.568307,0.144394,0.0040826,0.055964,1.207653,0.021564,0,0.054868,0.2200016,0.00707566,0.020635,0.118834,0.056877,0,0.118187,3.2451356,0.08525232,0.691825,2.094889,0.227244,0,0.766876
R-004,1.12,0.96,0.0249716,0.0007149,0,0.603485,0.011362,0,0.023062,2.9108828,0.0847947,0.468811,0.272548,0.139747,0,0.645541,0.1477708,0.00417994,0.058848,1.268123,0.021533,0,0.064041,0.2291832,0.00778142,0.024968,0.127004,0.059247,0,0.116476,3.3128084,0.09747096,0.552627,2.27116,0.231889,0,0.84912
R-005,1.195,0.908,0.02851,0.00078044,0,0.768748,0.013266,0,0.024878,3.5989648,0.10792528,0.640522,0.247729,0.131056,0,0.722726,0.174882,0.00497018,0.061106,1.502023,0.028207,0,0.061917,0.2723172,0.00824686,0.02759,0.141841,0.065076,0,0.13084,4.074674,0.12192276,0.729218,2.660341,0.237605,0,0.940361
R-006,1.129,0.921,0.0268936,0.00078456,0,0.629658,0.012933,0,0.027831,2.6693516,0.07902502,0.627258,0.258523,0.157009,0,0.670092,0.1445304,0.00430902,0.05981,1.330789,0.026854,0,0.05996,0.2324092,0.00766578,0.026143,0.128719,0.066522,0,0.136715,3.0731848,0.09178438,0.713211,2.347689,0.263318,0,0.894598
R-007,1.134,0.94,0.0238356,0.0007355,0,0.595334,0.012193,0,0.025905,2.8869452,0.0919659,0.535022,0.25083,0.138841,0,0.607038,0.1568284,0.00470046,0.063656,1.293992,0.026423,0,0.059869,0.2582492,0.00822216,0.02469,0.116563,0.066705,0,0.121257,3.3258584,0.10562402,0.623368,2.256719,0.244162,0,0.814069
R-008,1.363,0.854,0.0288244,0.00100058,0,0.789616,0.017702,0,0.032335,3.6343444,0.10971126,0.711737,0.323052,0.160329,0,0.852056,0.1807296,0.00620584,0.086681,1.658761,0.034662,0,0.092899,0.3567824,0.010548,0.030774,0.167727,0.087369,0,0.16719,4.2006808,0.12746568,0.829192,2.939156,0.300062,0,1.14448
R-009,1.345,0.865,0.0365776,0.00100686,0,0.784796,0.016866,0,0.033817,3.8573632,0.1306793,0.698084,0.307783,0.166212,0,0.856018,0.183908,0.00628036,0.089269,1.81076,0.033394,0,0.084978,0.3344568,0.00985746,0.031332,0.160799,0.082168,0,0.163752,4.4123056,0.14782398,0.818685,3.064138,0.29864,0,1.138565
R-010,1.048,0.998,0.0182656,0.00066898,0,0.531828,0.01059,0,0.020252,2.740874,0.07993684,0.567302,0.196318,0.116461,0,0.539824,0.1174708,0.00395326,0.049585,1.118841,0.018809,0,0.051804,0.2115608,0.00682148,0.021194,0.109018,0.049262,0,0.099415,3.0881712,0.09138056,0.638081,1.956005,0.195122,0,0.711295
R-011,1.261,0.854,0.0297568,0.00095814,0,0.685146,0.014321,0,0.029943,3.7118656,0.11284076,0.68752,0.299636,0.143789,0,0.755237,0.1782004,0.00581172,0.074697,1.388996,0.030294,0,0.071822,0.3148372,0.00939772,0.031369,0.176455,0.075345,0,0.149608,4.23466,0.12900834,0.793586,2.550233,0.263749,0,1.00661
R-012,1.3,0.868,0.033156,0.00095342,0,0.765612,0.015451,0,0.032832,3.6006284,0.10235012,0.773829,0.282293,0.157645,0,0.766061,0.1761988,0.0051958,0.079549,1.493187,0.030834,0,0.076449,0.3342084,0.00901736,0.031359,0.147218,0.076206,0,0.15336,4.1441916,0.1175167,0.884737,2.68831,0.280136,0,1.028702
R-013,1.074,0.915,0.0239188,0.00079404,0,0.638049,0.013746,0,0.026386,2.5477688,0.09873532,0.622418,0.273894,0.111074,0,0.540044,0.1434936,0.0039369,0.0607,1.157157,0.023372,0,0.052306,0.230132,0.00690706,0.024945,0.130334,0.060077,0,0.130236,2.9453132,0.11037332,0.708063,2.199434,0.208269,0,0.748972
R-014,1.203,0.997,0.0258044,0.00072938,0,0.649841,0.012332,0,0.022637,2.8672432,0.08935088,0.586411,0.228288,0.121531,0,0.62611,0.1497648,0.00432738,0.061979,1.210405,0.025217,0,0.062602,0.2432464,0.0075802,0.022325,0.1183,0.067377,0,0.139722,3.2860588,0.10198784,0.670715,2.206834,0.226457,0,0.851071
R-015,1.082,0.997,0.02238,0.00064174,0,0.527091,0.011556,0,0.022751,2.1768756,0.07853102,0.640952,0.177976,0.112987,0,0.631068,0.115994,0.00359086,0.062081,1.057745,0.021565,0,0.056334,0.2122972,0.00642868,0.020497,0.109966,0.055879,0,0.112467,2.5275468,0.0891923,0.72353,1.872778,0.201987,0,0.82262
R-016,1.174,0.996,0.0255728,0.0006535,0,0.57376,0.011236,0,0.023252,3.0104308,0.0756667,0.596642,0.269572,0.107339,0,0.606499,0.1357624,0.00408052,0.057054,1.161253,0.02244,0,0.055551,0.2325556,0.00784638,0.023678,0.118701,0.052108,0,0.121521,3.4043216,0.0882471,0.677374,2.123286,0.193123,0,0.806823
R-017,1.051,0.876,0.0251564,0.0007105,0,0.626201,0.013336,0,0.0219,2.5364808,0.0853074,0.695128,0.208673,0.12472,0,0.611876,0.1596088,0.00483242,0.063389,1.122828,0.026591,0,0.059674,0.238388,0.0081993,0.023834,0.133635,0.064341,0,0.126298,2.959634,0.09904962,0.782351,2.091337,0.228988,0,0.819748
R-018,1.139,0.937,0.023632,0.00071088,0,0.623466,0.012874,0,0.022837,3.0446396,0.08481778,0.566864,0.285126,0.120962,0,0.572842,0.155572,0.00437012,0.059922,1.199132,0.026242,0,0.065073,0.225154,0.00735484,0.02875,0.128125,0.061309,0,0.116206,3.4489976,0.09725362,0.655536,2.235849,0.221387,0,0.776958
R-019,1.109,0.998,0.021972,0.00063886,0,0.574491,0.011799,0,0.020383,2.7744448,0.08239312,0.586483,0.198044,0.119392,0,0.604385,0.1374588,0.00402196,0.052786,1.037756,0.021319,0,0.05638,0.2191524,0.00674042,0.02203,0.111729,0.055634,0,0.112882,3.153028,0.09379436,0.661299,1.92202,0.208144,0,0.79403
R-020,1.15,0.891,0.0259252,0.00068774,0,0.645464,0.013563,0,0.025759,2.9007064,0.10169416,0.702448,0.272429,0.149481,0,0.644381,0.1625632,0.00476662,0.074949,1.36289,0.023643,0,0.061959,0.3017268,0.00812122,0.027143,0.137921,0.066912,0,0.132504,3.3909216,0.11526974,0.80454,2.418704,0.253599,0,0.864603
R-021,1.027,0.857,0.0231772,0.00077468,0,0.63273,0.013496,0,0.026035,3.083734,0.082948,0.59478,0.255759,0.117914,0,0.670349,0.1572792,0.00491444,0.060015,1.113347,0.025336,0,0.060618,0.249374,0.0076036,0.024951,0.130028,0.063484,0,0.139651,3.5135644,0.09624072,0.679746,2.131864,0.22023,0,0.896653
R-022,1.229,0.991,0.0251504,0.0007043,0,0.591394,0.013025,0,0.026336,2.9211328,0.0956497,0.712153,0.232526,0.13911,0,0.573654,0.1550744,0.00507984,0.061497,1.32413,0.024569,0,0.059738,0.2438876,0.00764324,0.026865,0.134976,0.061053,0,0.130903,3.3452452,0.10907708,0.800515,2.283026,0.237757,0,0.790631
R-023,1.327,0.998,0.0292936,0.00078194,0,0.719511,0.012453,0,0.025465,3.3229016,0.0890357,0.615267,0.280816,0.155224,0,0.709547,0.1592008,0.0048974,0.065488,1.297588,0.024673,0,0.066324,0.281432,0.00807322,0.026356,0.121598,0.059595,0,0.130173,3.792828,0.10278826,0.707111,2.419513,0.251945,0,0.931509
R-024,1.041,0.935,0.0234496,0.00064792,0,0.613239,0.009297,0,0.021007,2.7316928,0.06991696,0.436622,0.229633,0.118633,0,0.681598,0.1437736,0.00403328,0.053983,1.110801,0.022284,0,0.055997,0.2331688,0.00706166,0.023161,0.111846,0.058851,0,0.100484,3.1320848,0.08165982,0.513766,2.065519,0.209065,0,0.859086
R-025,1.179,0.95,0.023256,0.00079926,0,0.641598,0.013169,0,0.026231,3.0716132,0.06326704,0.678033,0.268218,0.118932,0,0.666306,0.1478024,0.00419996,0.058296,1.294599,0.02579,0,0.05997,0.2684804,0.00760822,0.023791,0.129277,0.065634,0,0.118853,3.511152,0.07587448,0.76012,2.333692,0.223525,0,0.87136
R-026,1.247,0.898,0.0280292,0.0008769,0,0.729582,0.013375,0,0.028379,3.37872,0.09356404,0.728877,0.302297,0.149056,0,0.660155,0.1781908,0.00512352,0.066561,1.369487,0.028132,0,0.060287,0.297688,0.0087566,0.028017,0.14697,0.072678,0,0.142267,3.882628,0.10832106,0.823455,2.548336,0.263241,0,0.891088
R-027,1.303,0.866,0.0312984,0.00098946,0,0.768126,0.016278,0,0.03059,3.4558248,0.12595266,0.848808,0.320256,0.144675,0,0.911875,0.2029064,0.00584106,0.077858,1.650791,0.032195,0,0.077076,0.3163416,0.00911476,0.033222,0.156184,0.089614,0,0.159833,4.0063712,0.14189794,0.959888,2.895357,0.282762,0,1.179374
R-028,1.178,0.951,0.0272016,0.00071702,0,0.63215,0.012573,0,0.027446,3.2679832,0.09071546,0.529227,0.271789,0.12669,0,0.650284,0.1544708,0.00452826,0.065186,1.449171,0.024903,0,0.072339,0.261274,0.00774558,0.027063,0.127807,0.065109,0,0.126508,3.7109296,0.10370632,0.621476,2.480917,0.229275,0,0.876577
R-029,1.217,0.97,0.0285556,0.00076964,0,0.608198,0.012623,0,0.025667,3.2758688,0.08696094,0.564174,0.25663,0.136594,0,0.562019,0.1361228,0.00445062,0.068909,1.186635,0.024684,0,0.062688,0.254644,0.00774672,0.026703,0.126415,0.056748,0,0.130296,3.6951912,0.09992792,0.659786,2.177878,0.230649,0,0.78067
R-030,1.217,0.919,0.0271516,0.00074276,0,0.759256,0.014399,0,0.02732,2.5748588,0.09851396,0.755968,0.251358,0.145331,0,0.728767,0.1518316,0.00505952,0.063137,1.245532,0.026711,0,0.069194,0.2589672,0.00801246,0.027388,0.146859,0.073329,0,0.14964,3.0128092,0.1123287,0.846493,2.403005,0.25977,0,0.974921
R-031,1.266,0.924,0.030798,0.00082958,0,0.699519,0.015128,0,0.029409,3.5107032,0.11580582,0.641853,0.274241,0.130606,0,0.858386,0.1773312,0.00538528,0.068142,1.528138,0.026913,0,0.068182,0.2788124,0.00880432,0.030754,0.132406,0.067683,0,0.141456,3.9976448,0.130825,0.740749,2.634304,0.24033,0,1.097433
R-032,1.061,0.951,0.0221164,0.0006445,0,0.553052,0.011892,0,0.023191,3.0819964,0.08852892,0.648858,0.211302,0.125764,0,0.565955,0.1520196,0.00393914,0.057298,1.157378,0.022579,0,0.062731,0.243812,0.00639742,0.021795,0.121,0.054031,0,0.107161,3.4999444,0.09950998,0.727951,2.042732,0.214266,0,0.759038
R-033,1.335,0.992,0.023744,0.00072364,0,0.702589,0.013642,0,0.027724,3.2209784,0.10837188,0.68562,0.274717,0.157401,0,0.693297,0.1647316,0.0052632,0.0723,1.262899,0.025636,0,0.068099,0.301324,0.00843324,0.027031,0.140532,0.061978,0,0.140196,3.710778,0.12279196,0.784951,2.380737,0.258657,0,0.929316
R-034,1.189,0.906,0.0271084,0.00077344,0,0.68262,0.012516,0,0.028178,3.7727552,0.08391624,0.614583,0.287941,0.163566,0,0.69375,0.1592432,0.00429222,0.064328,1.433156,0.027032,0,0.06774,0.2656412,0.00741478,0.025264,0.134265,0.066771,0,0.141958,4.224748,0.09639668,0.704175,2.537982,0.269885,0,0.931626
R-035,1.379,0.88,0.0345196,0.00104034,0,0.87495,0.016049,0,0.031013,4.8302908,0.1126796,0.730522,0.328107,0.181923,0,0.824905,0.2074604,0.00593938,0.076516,1.562415,0.034305,0,0.079833,0.342108,0.00951176,0.035168,0.157914,0.078411,0,0.150748,5.4143788,0.12917108,0.842206,2.923386,0.310688,0,1.086499
R-036,1.2,0.913,0.0272508,0.00082234,0,0.682178,0.012761,0,0.025724,3.0541844,0.10584792,0.680222,0.275875,0.159365,0,0.604301,0.1568992,0.0049381,0.062168,1.457634,0.026071,0,0.068903,0.3014892,0.00842214,0.029249,0.137934,0.066695,0,0.13925,3.5398236,0.1200305,0.771639,2.553621,0.264892,0,0.838178
R-037,1.098,0.956,0.0226652,0.00074904,0,0.649396,0.013527,0,0.02055,3.1538736,0.07685172,0.622747,0.210914,0.121256,0,0.628548,0.129572,0.00439612,0.060366,1.115683,0.02626,0,0.056703,0.2308044,0.007367,0.021837,0.107753,0.060211,0,0.1366,3.5369152,0.08936388,0.70495,2.083746,0.221254,0,0.842401
R-038,1.084,0.993,0.0230824,0.00069526,0,0.552499,0.010367,0,0.023047,2.4730988,0.06931618,0.59471,0.254146,0.096528,0,0.558765,0.1375472,0.00399514,0.056573,1.11638,0.023488,0,0.053607,0.1924656,0.00672616,0.021212,0.103521,0.052637,0,0.12067,2.826194,0.08073274,0.672495,2.026546,0.18302,0,0.756089
R-039,1.247,0.938,0.0281092,0.00079834,0,0.675504,0.014202,0,0.027491,3.3657568,0.098777,0.561601,0.288844,0.148247,0,0.689655,0.1467164,0.00565104,0.064136,1.333213,0.026805,0,0.068513,0.2724356,0.00808486,0.026967,0.140625,0.069214,0,0.149321,3.813018,0.11331124,0.652704,2.438186,0.258468,0,0.93498
R-040,1.287,0.923,0.0273912,0.0008227,0,0.723199,0.015324,0,0.029034,3.3854376,0.10326046,0.795667,0.288738,0.146586,0,0.734875,0.19844,0.00547084,0.071867,1.53697,0.030741,0,0.07241,0.309226,0.0086379,0.027066,0.144325,0.069947,0,0.152684,3.9204948,0.1181919,0.8946,2.693232,0.262598,0,0.989003
R-041,1.387,0.967,0.029894,0.00079808,0,0.736882,0.014369,0,0.026494,4.3815964,0.1181797,0.71655,0.347901,0.133882,0,0.708707,0.1911944,0.00549382,0.079564,1.483777,0.02556,0,0.074012,0.2835948,0.00829224,0.031502,0.155545,0.068753,0,0.152375,4.8862796,0.13276384,0.827616,2.724105,0.242564,0,0.961588
R-042,1.137,0.918,0.0233964,0.00077298,0,0.583872,0.012985,0,0.02269,2.6932164,0.08494002,0.565417,0.307464,0.125292,0,0.654212,0.1253956,0.0043468,0.070333,1.374588,0.02523,0,0.062383,0.2719048,0.0078103,0.027271,0.121141,0.064056,0,0.121752,3.1139132,0.0978701,0.663021,2.387065,0.227563,0,0.861037
R-043,1.083,0.99,0.0199252,0.00070776,0,0.560352,0.010213,0,0.021745,2.3567932,0.08869544,0.64349,0.236621,0.101871,0,0.470977,0.1375136,0.00404554,0.053933,1.139122,0.021268,0,0.063057,0.2437948,0.00660712,0.021267,0.109521,0.052798,0,0.10248,2.7580268,0.10005586,0.71869,2.045616,0.18615,0,0.658259
R-044,1.368,0.959,0.0268736,0.00088456,0,0.736894,0.014928,0,0.031173,4.0060536,0.11549956,0.722613,0.277953,0.150685,0,0.718364,0.1929276,0.00522564,0.076163,1.484434,0.028857,0,0.070669,0.3142392,0.00787264,0.029551,0.147297,0.064431,0,0.15276,4.540094,0.1294824,0.828327,2.646578,0.258901,0,0.972966
R-045,1.354,0.935,0.0287768,0.00092522,0,0.693337,0.013506,0,0.027595,3.3301404,0.10914056,0.596182,0.253009,0.130641,0,0.851065,0.1836228,0.00547928,0.076855,1.68823,0.027555,0,0.075048,0.3171696,0.00942188,0.031907,0.150835,0.074675,0,0.157421,3.8597096,0.12496694,0.704944,2.785411,0.246377,0,1.111129
R-046,1.264,0.864,0.0301252,0.00092422,0,0.799608,0.015087,0,0.032023,3.1637352,0.11601024,0.800926,0.344692,0.155508,0,0.91639,0.1966164,0.00574924,0.076814,1.633451,0.029022,0,0.07596,0.2988068,0.01016142,0.030155,0.146416,0.083258,0,0.146449,3.6892836,0.13284512,0.907895,2.924167,0.282875,0,1.170822
R-047,1.348,0.905,0.0309744,0.0009167,0,0.87986,0.017263,0,0.030681,3.562888,0.09295904,0.692343,0.293909,0.14945,0,0.663846,0.2094548,0.00614624,0.068796,1.729705,0.029893,0,0.085556,0.3035196,0.009753,0.034818,0.154283,0.078818,0,0.153657,4.1068368,0.10977498,0.795957,3.057757,0.275424,0,0.93374
R-048,1.394,0.909,0.0305248,0.00094638,0,0.809477,0.017517,0,0.029587,3.7132824,0.13742492,0.848125,0.336987,0.140626,0,0.879373,0.194664,0.00571762,0.071913,1.508659,0.036716,0,0.072049,0.3176004,0.00906042,0.031145,0.150624,0.085627,0,0.169176,4.2560716,0.15314934,0.951183,2.805747,0.280486,0,1.150185
R-049,1.078,0.968,0.0221028,0.0006564,0,0.547102,0.012005,0,0.022444,2.9913036,0.0830543,0.450046,0.202018,0.117594,0,0.547318,0.1375384,0.00421808,0.058517,1.045626,0.021135,0,0.058049,0.233076,0.00656882,0.022777,0.118819,0.054716,0,0.118789,3.3840208,0.0944976,0.53134,1.913565,0.20545,0,0.7466
R-050,1.047,0.987,0.0207276,0.00061506,0,0.51659,0.010701,0,0.019969,2.7973064,0.077186,0.517017,0.207268,0.087108,0,0.401736,0.129194,0.00383414,0.055116,1.058128,0.02155,0,0.052257,0.1997168,0.0061243,0.021852,0.101577,0.051077,0,0.100443,3.1469448,0.0877595,0.593985,1.883563,0.170436,0,0.574405
R-051,1.238,0.992,0.0244228,0.00085388,0,0.630878,0.012572,0,0.026282,3.0007844,0.07821874,0.583895,0.257067,0.134148,0,0.567859,0.1551616,0.00416092,0.060041,1.311919,0.023987,0,0.062983,0.2332136,0.00716822,0.024886,0.118189,0.065964,0,0.128168,3.4135824,0.09040176,0.668822,2.318053,0.236671,0,0.785292
R-052,1.393,0.95,0.033038,0.00093304,0,0.726606,0.015446,0,0.030866,3.6418196,0.1091162,0.762168,0.288133,0.136109,0,0.718334,0.1890492,0.00529962,0.073016,1.554812,0.029053,0,0.077994,0.2771316,0.00890452,0.029507,0.138234,0.077585,0,0.144915,4.1410384,0.12425338,0.864691,2.707785,0.258193,0,0.972109
R-053,1.208,0.999,0.0242296,0.0007559,0,0.563378,0.012213,0,0.025907,2.863238,0.08676506,0.581288,0.233869,0.088295,0,0.549938,0.1410424,0.00511012,0.058806,1.288645,0.023481,0,0.058325,0.2549484,0.00711824,0.024461,0.1237,0.061391,0,0.121968,3.2834584,0.09974932,0.664555,2.209592,0.18538,0,0.756138
R-054,1.299,0.949,0.0293516,0.0007621,0,0.704604,0.013136,0,0.025767,3.9408932,0.08382828,0.706879,0.199301,0.150686,0,0.720228,0.150048,0.0048407,0.074255,1.411777,0.026935,0,0.068727,0.3041088,0.00877996,0.030615,0.134896,0.081832,0,0.123945,4.4244016,0.09821104,0.811749,2.450578,0.272589,0,0.938667
R-055,1.221,0.963,0.0243064,0.00088994,0,0.645963,0.013366,0,0.026842,2.8378908,0.0844369,0.742893,0.296525,0.129569,0,0.518804,0.152648,0.0047813,0.064933,1.236504,0.027968,0,0.065141,0.2499552,0.00730198,0.025448,0.116596,0.070554,0,0.129985,3.2648004,0.09741012,0.833274,2.295588,0.241457,0,0.740772
R-056,1.225,0.897,0.02998,0.00095804,0,0.722454,0.013883,0,0.029058,3.1504108,0.09246274,0.71009,0.273311,0.152553,0,0.648047,0.171496,0.0048479,0.069645,1.317316,0.027126,0,0.076653,0.2815096,0.00920594,0.028193,0.135822,0.076959,0,0.168401,3.6333964,0.10747462,0.807928,2.448903,0.270521,0,0.922159
R-057,1.188,0.935,0.0281432,0.00083362,0,0.689761,0.0136,0,0.025082,2.8075824,0.11282608,0.80959,0.297325,0.161423,0,0.681025,0.1573204,0.00467174,0.069147,1.166019,0.023467,0,0.062418,0.2300892,0.00860952,0.03022,0.140881,0.064953,0,0.13246,3.2231352,0.12694096,0.908957,2.293986,0.263443,0,0.900985
R-058,1.107,0.918,0.0244516,0.00076628,0,0.644561,0.013011,0,0.024575,2.5105684,0.0938539,0.591117,0.237354,0.145942,0,0.723224,0.1610192,0.00458338,0.065193,1.253645,0.025001,0,0.063559,0.254644,0.00729686,0.025266,0.119591,0.060718,0,0.124455,2.9506832,0.10650042,0.681576,2.255151,0.244672,0,0.935813
R-059,1.064,0.876,0.0250644,0.00072408,0,0.638599,0.012511,0,0.025576,3.0283276,0.1023277,0.708513,0.273517,0.124588,0,0.729782,0.1677328,0.0050639,0.056954,1.328853,0.024054,0,0.067902,0.2424888,0.00792284,0.025614,0.128606,0.061696,0,0.124633,3.4636136,0.11603852,0.791081,2.369575,0.222849,0,0.947893
R-060,1.05,0.913,0.0232836,0.00068716,0,0.540171,0.012512,0,0.023838,2.8061288,0.09473776,0.69384,0.229783,0.105599,0,0.636714,0.1498128,0.00401488,0.060483,1.124372,0.024482,0,0.06348,0.2485684,0.00727948,0.02509,0.123728,0.060651,0,0.123126,3.2277936,0.10671928,0.779413,2.018054,0.203244,0,0.847158
R-061,1.255,0.972,0.0270804,0.00075934,0,0.628896,0.011783,0,0.028862,2.6130628,0.10976682,0.673074,0.209124,0.121397,0,0.72408,0.1562352,0.004554,0.070822,1.40217,0.025501,0,0.065587,0.2623568,0.00768618,0.028668,0.138104,0.062411,0,0.125076,3.0587352,0.12276634,0.772564,2.378294,0.221092,0,0.943605
R-062,1.293,0.957,0.0249596,0.0009252,0,0.718351,0.014837,0,0.027697,3.5231796,0.08392904,0.659081,0.276155,0.150914,0,0.693939,0.1708036,0.00516884,0.06876,1.302843,0.024548,0,0.071074,0.2567876,0.0077373,0.028792,0.146385,0.073927,0,0.136732,3.9757304,0.09776038,0.756633,2.443734,0.264226,0,0.929442
R-063,1.112,0.951,0.0224836,0.00070998,0,0.641175,0.012074,0,0.022703,2.9421428,0.08844108,0.560549,0.235573,0.116045,0,0.613622,0.1452408,0.00439904,0.062802,1.207812,0.024521,0,0.054152,0.2344852,0.00750596,0.023348,0.117705,0.058857,0,0.115285,3.3443524,0.10105606,0.646699,2.202265,0.211497,0,0.805762
R-064,1.171,0.91,0.0271528,0.0007692,0,0.691846,0.013955,0,0.030006,3.7207372,0.11230432,0.70115,0.273582,0.136803,0,0.550813,0.1728624,0.00507504,0.068516,1.41586,0.027433,0,0.068681,0.2785848,0.00766078,0.026408,0.133039,0.064342,0,0.137056,4.1993372,0.12580934,0.796074,2.514327,0.242533,0,0.786556
R-065,1.325,0.917,0.029432,0.00072134,0,0.745119,0.015927,0,0.028935,3.659862,0.10293396,0.677719,0.334729,0.169257,0,0.767238,0.1671324,0.00551052,0.077996,1.549961,0.032589,0,0.076139,0.315168,0.0088957,0.028502,0.136451,0.076538,0,0.153962,4.1715944,0.11806152,0.784217,2.76626,0.294311,0,1.026274
R-066,1.076,0.868,0.0258704,0.00077472,0,0.579289,0.011766,0,0.025178,3.0793916,0.10860182,0.537765,0.207213,0.135227,0,0.646339,0.1622768,0.00438906,0.064047,1.272609,0.029901,0,0.060024,0.2570872,0.007483,0.025171,0.118667,0.064963,0,0.150198,3.524626,0.1212486,0.626983,2.177778,0.241857,0,0.881739
R-067,1.337,0.926,0.027298,0.0008494,0,0.69441,0.015156,0,0.033463,3.5353308,0.09074302,0.861706,0.256439,0.140128,0,0.703769,0.1729124,0.00485248,0.077324,1.724303,0.031322,0,0.068796,0.2794608,0.00907976,0.028235,0.150019,0.069102,0,0.153712,4.015002,0.10552466,0.967265,2.825171,0.255708,0,0.95974
R-068,1.382,0.967,0.0265436,0.00087596,0,0.752439,0.014336,0,0.026841,3.8631132,0.11318106,0.900562,0.304143,0.159088,0,0.620311,0.1845716,0.00530942,0.07341,1.292398,0.030062,0,0.079438,0.2834676,0.00829736,0.027671,0.142336,0.07903,0,0.12232,4.357696,0.1276638,1.001643,2.491316,0.282516,0,0.84891
R-069,1.335,0.929,0.029478,0.00084662,0,0.823164,0.013961,0,0.031878,3.2156584,0.09959942,0.669115,0.336709,0.149744,0,0.679216,0.1895832,0.00563772,0.078752,1.38176,0.027028,0,0.077112,0.3083432,0.00983412,0.029315,0.161032,0.066152,0,0.152058,3.7430628,0.11591788,0.777182,2.702665,0.256885,0,0.940264
R-070,1.358,0.948,0.0327956,0.00088514,0,0.72168,0.014529,0,0.029116,3.683594,0.10424056,0.749056,0.32222,0.154024,0,0.743762,0.1866184,0.00480268,0.075113,1.512129,0.0282,0,0.075263,0.28358,0.00933072,0.03272,0.137827,0.077224,0,0.136446,4.186588,0.1192591,0.856889,2.693856,0.273977,0,0.984587
R-071,1.385,0.869,0.0335444,0.00094794,0,0.91365,0.017216,0,0.031839,4.5313824,0.0970761,0.841923,0.349328,0.18524,0,0.838505,0.2098692,0.00554374,0.089321,1.728666,0.036662,0,0.088127,0.3565208,0.01025294,0.03219,0.164526,0.100794,0,0.17542,5.1313168,0.11382072,0.963434,3.15617,0.339912,0,1.133891
R-072,1.136,0.852,0.0303624,0.00089758,0,0.69443,0.014584,0,0.029084,2.9220032,0.11201624,0.698967,0.264635,0.116204,0,0.726944,0.1479548,0.00504776,0.072393,1.351416,0.028813,0,0.071086,0.2734468,0.00810804,0.027054,0.139928,0.070601,0,0.144805,3.3737672,0.12606962,0.798414,2.450409,0.230202,0,0.971919
R-073,1.19,0.915,0.0262804,0.00077184,0,0.543,0.013232,0,0.029018,3.3137904,0.10225168,0.691094,0.292676,0.166066,0,0.835234,0.1677516,0.00482916,0.073893,1.244573,0.025508,0,0.062186,0.2902876,0.0079685,0.029198,0.118459,0.074703,0,0.132764,3.79811,0.11582118,0.794185,2.198708,0.279509,0,1.059202
R-074,1.144,0.943,0.0230336,0.00078078,0,0.634098,0.011947,0,0.024824,2.3981812,0.08143754,0.660536,0.237451,0.129728,0,0.576736,0.159764,0.00414878,0.061692,1.173142,0.024756,0,0.064515,0.2380816,0.00755636,0.02521,0.125454,0.056374,0,0.125893,2.8190604,0.09392346,0.747438,2.170145,0.222805,0,0.791968
R-075,1.346,0.851,0.0345368,0.0010735,0,0.837655,0.01639,0,0.032362,4.310332,0.11273576,0.892346,0.317669,0.176812,0,0.840154,0.2026016,0.00644418,0.081181,1.65633,0.031978,0,0.084217,0.3389176,0.0107151,0.033846,0.142616,0.08535,0,0.172835,4.886388,0.13096854,1.007373,2.95427,0.31053,0,1.129568
R-076,1.131,0.946,0.0231684,0.00079432,0,0.589616,0.011558,0,0.023996,2.6898588,0.0947827,0.639168,0.254526,0.100798,0,0.73036,0.152916,0.00375176,0.057414,1.247409,0.02468,0,0.061043,0.2375184,0.00695526,0.023815,0.132247,0.064808,0,0.108827,3.1034616,0.10628404,0.720397,2.223798,0.201844,0,0.924226
R-077,1.034,0.947,0.0217784,0.0006634,0,0.529986,0.011081,0,0.021961,2.562286,0.07724036,0.594456,0.20572,0.118105,0,0.548063,0.1401788,0.00437826,0.056044,1.134931,0.020671,0,0.059233,0.2349156,0.00666258,0.023069,0.12042,0.057404,0,0.110434,2.9591588,0.0889446,0.673569,1.991057,0.207261,0,0.739691
R-078,1.334,0.995,0.02851,0.00082652,0,0.677358,0.014577,0,0.028391,3.5561548,0.09412698,0.790391,0.306925,0.123874,0,0.668427,0.1586492,0.0049742,0.069185,1.347791,0.029237,0,0.073901,0.267138,0.00854928,0.031295,0.129263,0.069073,0,0.1258,4.010452,0.10847698,0.890871,2.461337,0.236761,0,0.896519
R-079,1.321,0.933,0.0279008,0.00087492,0,0.723792,0.013649,0,0.027659,2.7924412,0.10031148,0.684694,0.251023,0.159193,0,0.841283,0.1817724,0.00564064,0.074397,1.443271,0.027571,0,0.072793,0.3054864,0.00902932,0.030972,0.148582,0.075673,0,0.145218,3.3076008,0.11585636,0.790063,2.566668,0.276086,0,1.086953
R-080,1.198,0.856,0.0311004,0.00081674,0,0.717708,0.01397,0,0.029068,4.1284128,0.11326366,0.659459,0.270085,0.144764,0,0.796457,0.2021384,0.00517528,0.076293,1.494845,0.031576,0,0.071428,0.269788,0.00929942,0.027588,0.147126,0.077701,0,0.146684,4.6314396,0.1285551,0.76334,2.629764,0.268011,0,1.043637
R-081,1.378,0.851,0.033376,0.0011874,0,0.793399,0.016934,0,0.038149,3.5139076,0.1080249,0.957461,0.347764,0.177062,0,1.005519,0.2182428,0.00577942,0.083581,1.775523,0.037563,0,0.080778,0.3595608,0.00980314,0.032115,0.173421,0.085446,0,0.156473,4.1250872,0.12479486,1.073157,3.090107,0.317005,0,1.280919
R-082,1.031,0.853,0.0233704,0.00076226,0,0.61342,0.013687,0,0.026338,2.6356336,0.09132426,0.756885,0.228034,0.133885,0,0.663637,0.162916,0.00441146,0.060492,1.249514,0.025256,0,0.070869,0.255658,0.00763434,0.023821,0.120872,0.063567,0,0.133556,3.077578,0.10413232,0.841198,2.21184,0.236395,0,0.8944
R-083,1.272,0.988,0.0268008,0.00073612,0,0.586438,0.012871,0,0.027499,3.3428104,0.09595098,0.681028,0.253265,0.135365,0,0.669727,0.1607772,0.00474526,0.060883,1.563758,0.026917,0,0.066404,0.2475992,0.00761024,0.025492,0.124053,0.066871,0,0.125724,3.7779876,0.1090426,0.767403,2.527514,0.242024,0,0.889354
R-084,1.123,0.995,0.0218852,0.00068566,0,0.522731,0.012361,0,0.022227,2.6765568,0.082144,0.656648,0.244427,0.098489,0,0.485235,0.1412,0.00414844,0.059945,1.196571,0.023176,0,0.05353,0.2437308,0.0068177,0.024288,0.104156,0.053519,0,0.121426,3.0833728,0.0937958,0.740881,2.067885,0.187545,0,0.682418
R-085,1.196,0.992,0.024558,0.00072838,0,0.657918,0.010757,0,0.027432,2.9057916,0.08532678,0.68055,0.237784,0.124308,0,0.528438,0.13978,0.0047038,0.062992,1.232179,0.025204,0,0.066729,0.2317372,0.00783802,0.024211,0.111876,0.062345,0,0.13191,3.3018668,0.09859698,0.767753,2.239757,0.222614,0,0.754509
R-086,1.386,0.915,0.0309284,0.0009099,0,0.809272,0.016113,0,0.031583,4.1647472,0.09011424,0.688723,0.329821,0.172728,0,0.737562,0.1861052,0.00502954,0.071885,1.483087,0.027632,0,0.09524,0.341854,0.0094258,0.028509,0.140911,0.074262,0,0.144476,4.7236348,0.10547948,0.789117,2.763091,0.290735,0,1.008861
R-087,1.144,0.903,0.0257268,0.00082316,0,0.55622,0.013761,0,0.027799,3.2526288,0.0936016,0.781361,0.229424,0.115716,0,0.653873,0.1518196,0.00466088,0.062633,1.234235,0.02762,0,0.063363,0.2497768,0.0079938,0.029096,0.132514,0.065012,0,0.139698,3.679952,0.10707944,0.87309,2.152393,0.222109,0,0.884733
R-088,1.33,0.893,0.0312736,0.00087484,0,0.740099,0.016546,0,0.031553,3.7246552,0.10513706,0.57286,0.283416,0.139978,0,0.637891,0.1930532,0.00550384,0.067081,1.606967,0.027011,0,0.076188,0.3190432,0.00980862,0.033594,0.162776,0.076283,0,0.154471,4.2680252,0.12132436,0.673535,2.793258,0.259818,0,0.900103
R-089,1.311,0.985,0.0245744,0.00081556,0,0.747998,0.013782,0,0.028785,3.8673528,0.10669278,0.644247,0.274602,0.141978,0,0.765059,0.14258,0.00466578,0.062356,1.32008,0.026125,0,0.069503,0.255558,0.00820018,0.023612,0.136074,0.069675,0,0.13789,4.2900652,0.1203743,0.730215,2.478754,0.25156,0,1.001237
R-090,1.072,0.938,0.0213428,0.00067144,0,0.53085,0.010969,0,0.023547,3.0525012,0.07476014,0.499258,0.233946,0.088246,0,0.502087,0.1326076,0.00393626,0.056301,1.287833,0.023622,0,0.060061,0.217244,0.00748696,0.024266,0.104851,0.052942,0,0.117424,3.4236956,0.0868548,0.579825,2.15748,0.175779,0,0.703119
R-091,1.267,0.946,0.027388,0.00079656,0,0.727188,0.015021,0,0.025845,2.8050072,0.1029038,0.649432,0.259772,0.124574,0,0.69284,0.1629816,0.00500752,0.066533,1.40169,0.030565,0,0.068765,0.2964548,0.00807444,0.028017,0.135465,0.06251,0,0.14505,3.2918316,0.11678232,0.743982,2.524115,0.23267,0,0.9325
R-092,1.32,0.87,0.0327816,0.0009713,0,0.865656,0.016887,0,0.032691,4.454246,0.09698282,0.756968,0.305393,0.152863,0,0.786766,0.1838672,0.006187,0.077489,1.618243,0.032491,0,0.077063,0.336312,0.00894582,0.033825,0.153998,0.082602,0,0.165584,5.0072068,0.11308694,0.868282,2.94329,0.284843,0,1.062104
R-093,1.163,0.886,0.0261356,0.00093496,0,0.720379,0.013983,0,0.028124,3.6605592,0.10641388,0.718762,0.289129,0.118884,0,0.706997,0.166604,0.00428804,0.065092,1.281596,0.030321,0,0.066325,0.2500328,0.00829168,0.025389,0.139262,0.060795,0,0.136577,4.1033316,0.11992856,0.809243,2.430366,0.223983,0,0.938023
R-094,1.302,0.975,0.0255544,0.00091566,0,0.661033,0.013883,0,0.028007,3.4729428,0.08863886,0.610457,0.219522,0.114965,0,0.646996,0.1558596,0.0047891,0.070548,1.331556,0.027685,0,0.068582,0.288158,0.00748,0.029362,0.122027,0.060688,0,0.123609,3.9425148,0.10182362,0.710367,2.334138,0.217221,0,0.867194
R-095,1.23,0.973,0.0252156,0.00073554,0,0.587885,0.014473,0,0.027607,3.4511992,0.08512672,0.730172,0.271465,0.13303,0,0.456406,0.1509524,0.00405642,0.061618,1.244256,0.022208,0,0.062847,0.2551032,0.00688318,0.023043,0.141103,0.06993,0,0.136539,3.8824704,0.09680186,0.814833,2.244709,0.239641,0,0.683399
R-096,1.248,0.938,0.0240976,0.00074862,0,0.717051,0.013785,0,0.028873,2.7891476,0.0933727,0.620943,0.304665,0.132179,0,0.66749,0.1702856,0.00559532,0.069826,1.235102,0.024887,0,0.072139,0.268774,0.0079285,0.026675,0.141106,0.067968,0,0.140346,3.2523048,0.10764514,0.717444,2.397924,0.238819,0,0.908848
R-097,1.381,0.94,0.029894,0.00092478,0,0.721839,0.013986,0,0.031655,3.1132968,0.11767064,0.782746,0.358126,0.148775,0,0.667125,0.188452,0.0056571,0.086097,1.510449,0.029196,0,0.075754,0.3019272,0.0086873,0.029718,0.160279,0.07393,0,0.1584,3.63357,0.13293982,0.898561,2.750693,0.265887,0,0.932934
R-098,1.096,0.92,0.0268708,0.00068494,0,0.635373,0.011628,0,0.023475,3.0985952,0.08958256,0.594334,0.298808,0.130981,0,0.558957,0.149916,0.00456574,0.05591,1.32122,0.024912,0,0.064537,0.2469764,0.00686936,0.026486,0.132671,0.058685,0,0.112876,3.5223584,0.1017026,0.67673,2.388072,0.226206,0,0.759845
R-099,1.197,0.957,0.0265056,0.00074928,0,0.653121,0.013938,0,0.023552,3.1847576,0.08947732,0.614858,0.237778,0.130418,0,0.571512,0.1523256,0.00387506,0.059711,1.293038,0.026685,0,0.061795,0.2407528,0.007757,0.024868,0.116747,0.068097,0,0.13971,3.6043416,0.10185866,0.699437,2.300684,0.239138,0,0.796569
R-100,1.194,0.988,0.0246608,0.00068666,0,0.57082,0.010104,0,0.024306,3.4256336,0.08606816,0.500973,0.230294,0.120792,0,0.630248,0.1529796,0.00441434,0.062234,1.13705,0.024459,0,0.063236,0.2295392,0.00776116,0.02555,0.121344,0.058931,0,0.118087,3.8328132,0.09893032,0.588757,2.059508,0.214286,0,0.835877
